Spanish,Frequency,Tagalog,Frequency,English,Frequency,Hiligaynon,Frequency,Bikol,Frequency,Waray,Frequency,Ilocano,Frequency,Cebuano,Frequency,Kapampangan,Frequency,Pangasinense,Frequency,Yakan,Frequency,Ivatan,Frequency,Tausug,Frequency,Yami,Frequency,Tuwali-Ifugao,Frequency,Masbateno,Frequency
_de,4718,ng_,18213,_th,9217,ng_,12175,an_,12555,an_,16498,ti_,12499,ng_,10801,ng_,23817,an_,8933,_si,8076,_ka,7259,in_,13658,_a_,7527,an_,12730,an_,13544
os_,4600,ang,13247,the,8063,_sa,11349,_sa,7951,nga,10256,iti,6331,ang,9083,ing,13745,ay_,6614,si_,6312,an_,6302,iya,9287,o_a,6830,_na,7046,_na,11483
que,3835,_sa,7993,he_,6304,ang,11098,_na,7769,_ng,9454,_ti,6138,sa_,8789,ang,7583,_na,4030,an_,5331,_na,6258,an_,9138,na_,6691,nan,5169,_sa,9647
ue_,3727,_na,7710,nd_,4186,ga_,9270,ng_,5878,_ha,8836,_a_,5341,_sa,8003,an_,6144,_to,3629,_pa,4217,_a_,6196,_ma,8999,_na,5891,ya_,4758,na_,7051
de_,3457,sa_,6930,_an,3820,sa_,7737,_ka,5582,ga_,8822,_it,3674,_ka,7032,_ka,5898,_si,3556,ang,4173,a_a,5643,_si,8587,an_,5807,_di,4701,_ka,6659
_y_,3420,_ka,6188,and,3718,_ka,7468,_ni,5249,_hi,6876,_ka,3662,ga_,6125,_na,4852,_ta,3408,in_,4135,_ma,5307,_in,8118,_am,5724,ana,4655,sa_,5252
_qu,3362,_an,4981,_to,3195,nga,6400,_an,5040,han,4932,_ma,3536,an_,5472,at_,4031,_sa,3292,_du,4032,no_,4910,ang,7940,_ka,5680,_ya,4511,_ma,5065
el_,2574,iya,4649,to_,2998,_na,6062,ang,4848,_an,4782,_ke,3511,nga,4684,_in,3948,en_,3203,_ma,4004,o_a,4790,_ka,7074,_ma,5186,_da,4245,_an,4704
los,2523,_si,4428,_yo,2423,_ng,5609,na_,4239,_ka,4574,agi,3450,_an,4287,g_m,3812,_ma,3183,iye,3709,na_,4734,sin,6051,ng_,5018,di_,3954,_si,4234
_en,2392,at_,4391,you,2423,_si,5143,_ma,4171,ha_,4314,_da,3437,iya,3971,_ma,3702,tan,3060,_ka,3299,do_,4406,_ni,6048,do_,4988,_hi,3880,san,4227
_el,2274,_ng,4326,d_t,2272,_ma,5040,_si,4120,_na,3959,ada,3322,_ma,3920,_ki,3583,d_s,2977,ne_,3262,_o_,4354,niy,5771,_do,4954,n_d,3865,_pa,3677
es_,2227,g_m,3948,_hi,2167,_an,4631,sa_,3806,iya,3950,an_,3228,_ng,3690,kin,3512,_a_,2835,iya,3065,a_n,4330,_na,5330,_ta,4640,_ka,3770,iya,3664
_lo,2197,_ma,3889,ed_,2118,a_s,4601,iya,3582,a_h,3841,git,3210,_na,3495,a_k,3204,ed_,2818,_me,3039,_do,4262,_ha,4890,so_,4537,ang,3654,a_n,3642
_di,2147,ay_,3857,_he,2118,nag,4498,nin,3558,gan,3726,nga,3184,_si,3430,ung,3203,_ed,2810,me_,3028,aya,3975,ya_,4852,no_,4290,ay_,3570,a_s,3631
_a_,2133,_at,3801,_of,2073,san,4461,in_,3413,_ma,3482,dag,3143,on_,3414,_at,3201,nen,2728,hin,2991,_si,3938,nga,4746,ang,4039,ada,3375,ya_,3544
_la,2088,ga_,3649,ing,2068,an_,3957,n_s,3266,n_n,3403,ana,2968,a_m,3404,na_,3074,ray,2681,uk_,2977,_no,3859,_pa,4530,am_,4032,_an,3030,ga_,3321
as_,2073,na_,3338,of_,2002,ag_,3814,n_n,3194,on_,3340,ang,2888,ug_,3295,ala,3017,ara,2623,ain,2759,a_d,3787,man,4382,_o_,3984,on_,3009,on_,3040
_es,2069,ina,3308,is_,1927,on_,3662,ga_,2991,hin,3295,a_a,2817,_ug,3279,g_a,2863,_ka,2595,duk,2606,a_s,3778,n_m,4344,_ni,3980,_ma,3002,n_n,2834
",_y",2031,",_a",3250,e_t,1845,mga,3546,n_m,2955,_pa,3294,na_,2741,a_s,3091,ana,2706,na_,2451,ye_,2602,o_k,3695,ng_,4160,a_n,3955,_ta,2873,nag,2816
do_,2019,ala,3161,en_,1742,_mg,3545,a_s,2907,a_n,3112,_na,2735,a_k,3058,_la,2638,ang,2356,"n,_",2568,_ni,3509,"a,_",4096,ana,3937,dan,2647,a_m,2766
"s,_",1973,a_k,3131,ll_,1736,la_,3449,ind,2877,mga,3109,_ng,2596,g_m,3000,_ya,2564,man,2185,_iy,2554,_da,3437,_hi,4092,_no,3664,ah_,2603,mga,2763
s_d,1908,ani,3121,_wi,1732,a_i,3424,sin,2867,_mg,3108,ni_,2437,_pa,2990,nan,2558,ika,2125,nin,2407,_di,3297,ha_,3892,o_n,3576,un_,2552,_mg,2753
_co,1803,kan,3119,_wh,1723,ala,3416,ina,2711,ya_,3083,_ni,2416,kan,2965,_pa,2365,_la,2011,han,2403,_as,3185,ga_,3746,_so,3346,hi_,2350,_ni,2711
_Y_,1783,ila,3030,at_,1719,a_m,3313,nag,2703,in_,2965,ga_,2278,_ni,2812,g_k,2333,n_a,1964,ina,2343,ya_,3055,a_s,3405,o_t,3168,n_n,2097,ag_,2698
ndo,1738,_mg,2984,e_w,1715,_pa,3121,a_n,2697,n_m,2808,_pa,2255,mga,2754,la_,2325,et_,1891,n._,2325,_am,3011,a_i,3350,_si,3158,_mu,2023,n_m,2643
"o,_",1721,mga,2984,_be,1664,a_n,3072,mga,2644,a_i,2658,a_n,2206,_mg,2752,_ni,2304,ala,1868,we_,2271,as_,2921,n_h,3264,a_a,3091,nad,1981,a_a,2599
no_,1715,niy,2955,her,1650,kag,3051,_mg,2633,ang,2637,et_,2192,ya_,2703,nin,2304,_da,1863,aka,2256,a_m,2914,n_s,3229,_da,3075,n_h,1893,n_s,2574
en_,1707,_ni,2952,re_,1633,aga,2850,kan,2547,o_h,2627,da_,2123,ila,2607,ya_,2271,ad_,1756,_ba,2168,aka,2870,_ta,3158,a_t,3073,n_m,1864,a_k,2516
est,1701,a_n,2867,_sa,1613,g_m,2817,ong,2491,ay_,2600,en_,2067,ong,2506,lan,2263,sik,1753,uwa,2102,ata,2869,a_k,3134,nga,3060,_ke,1772,ay_,2500
_se,1636,an_,2849,ou_,1585,_gi,2776,ya_,2344,a_a,2517,ken,1999,ing,2470,a_n,2152,_ya,1751,ng_,2085,apa,2744,ila,3131,a_m,3059,da_,1756,a_i,2355
la_,1626,a_a,2680,er_,1567,ing,2731,_pa,2266,n_h,2517,kad,1979,ala,2463,ari,2140,_pa,1743,n_s,2067,am_,2736,ban,3105,tao,3030,tag,1738,ara,2318
_le,1561,a_s,2651,_ha,1516,ay_,2728,a_a,2156,a_m,2382,aka,1968,ana,2437,_di,2046,ana,1734,e_s,2055,ia_,2727,hi_,3074,o_k,2994,a_n,1732,o_s,2296
._Y,1541,y_,2497,ng_,1493,a_a,2555,_ta,2112,_ni,2292,a_t,1968,a_n,2398,man,2023,on_,1687,ban,1986,n_n,2720,a_m,3021,n_n,2939,ina,1722,kag,2285
e_e,1493,nga,2448,n_t,1449,a_k,2554,aka,2092,ira,2284,i_a,1956,la_,2353,_a_,1982,_in,1611,_Is,1930,_pa,2702,iyu,3018,ing,2863,kan,1718,od_,2227
e_l,1478,_pa,2358,him,1434,iya,2532,ara,1950,_iy,2256,a_k,1933,a_a,2229,rin,1976,so_,1607,i_I,1874,_ta,2697,n_k,2981,ao_,2804,man,1700,ni_,2205
ra_,1452,t_s,2320,_in,1353,ila,2523,_da,1920,n_i,2254,_ta,1773,ay_,2190,_da,1972,_so,1582,Isa,1871,en_,2682,amu,2872,man,2760,ot_,1679,_gi,2200
_ha,1443,ing,2318,hat,1344,o_s,2450,nda,1919,o_n,2209,ay_,1719,n_s,2150,_ba,1910,"o,_",1571,_we,1867,_so,2570,ung,2824,a_k,2732,na_,1669,o_n,2184
ent,1303,_ay,2302,",_a",1340,gin,2361,sai,1850,ara,2113,pan,1698,_gi,2088,g_p,1865,awa,1553,_sa,1822,a_o,2509,pa_,2776,ay_,2706,agu,1628,aga,2151
ien,1302,ong,2289,ut_,1323,o_n,2269,n_k,1820,ra_,2050,a_i,1681,_mi,1940,kar,1860,_ra,1533,nga,1818,_sa,2482,a_n,2773,da_,2646,nga,1589,gin,2119
e_d,1290,nan,2247,_no,1284,n_s,2227,a_k,1772,iri,1996,i_J,1662,ani,1912,tan,1855,aka,1527,_ne,1799,sia,2467,un_,2715,en_,2604,_ha,1568,nda,2100
o_d,1287,g_s,2111,as_,1280,_ni,2192,man,1708,ana,1937,ket,1590,n_n,1834,aka,1799,oy_,1507,n_d,1713,ta_,2430,mu_,2701,_ji,2533,_ot,1562,aka,2092
ado,1210,g_k,2107,e_s,1261,mo_,2134,a_m,1687,aka,1900,man,1537,o_s,1741,din,1793,n_t,1485,_aa,1673,ara,2412,kan,2674,ara,2506,ke_,1560,mo_,2053
_no,1210,apa,2031,ere,1229,n_n,2117,ni_,1660,ng_,1890,nna,1531,ngo,1685,a_i,1791,y_a,1455,in.,1671,ang,2411,tau,2545,a_d,2454,_Je,1539,sin,2051
_po,1190,abi,1985,",_""",1226,ya_,2102,ing,1650,ata,1889,aga,1520,pag,1656,yu_,1760,_Je,1449,siy,1667,so_,2375,na_,2502,ta_,2386,n_a,1509,ind,2039
on_,1187,ata,1963,o_t,1198,sil,2093,nga,1650,mo_,1860,nan,1468,tan,1651,kan,1708,sus,1405,aha,1658,ana,2345,n_n,2497,a_s,2367,ali,1506,man,1987
end,1144,_At,1962,or_,1181,_in,2072,i_J,1621,ni_,1859,_Je,1465,ako,1607,_me,1624,to_,1402,"e,_",1584,o_n,2244,la_,2462,o_m,2338,aka,1495,ang,1931
ier,1123,At_,1960,his,1173,g_i,2055,ako,1589,n_p,1841,_sa,1415,od_,1600,kay,1594,ya_,1393,"in,",1583,o_m,2233,u_i,2456,_ra,2337,ata,1462,n_k,1887
o_e,1102,t_n,1937,t_t,1160,g_s,2009,aga,1588,n_k,1827,"a,_",1410,_ta,1589,gan,1557,Jes,1374,e_m,1582,da_,2210,_sa,2406,ani,2315,Jes,1457,_iy,1785
_pa,1080,nag,1937,ill,1157,ni_,1989,ala,1530,pag,1810,sus,1403,a_t,1544,u_k,1547,esu,1371,ya_,1563,ava,2048,aka,2330,ran,2285,yu_,1455,da_,1763
le_,1047,lan,1935,in_,1145,g_n,1911,gan,1507,a_k,1808,_ag,1399,a_p,1540,n_n,1540,n_n,1364,_ta,1560,sa_,2039,_da,2329,iri,2260,esu,1454,a_p,1741
s_e,1039,n_n,1925,ve_,1114,_ta,1905,yan,1493,ako,1753,una,1396,pan,1492,g_b,1533,ama,1347,_in,1528,o_d,2037,siy,2307,ni_,2231,sus,1447,ina,1716
_ma,1036,"a,_",1916,ey_,1086,a_p,1885,asi,1486,n_a,1729,Jes,1395,iin,1486,_mi,1514,nan,1342,gan,1508,nio,1969,a_h,2257,_Am,2215,n_t,1405,ata,1604
_su,1030,ya_,1895,not,1074,_iy,1843,on_,1455,a_t,1720,esu,1393,nan,1460,ayu,1510,sar,1337,ku_,1503,n_d,1911,_ba,2251,rin,2183,nah,1365,_ta,1572
ero,1000,aga,1880,e_a,1072,sin,1813,_Je,1450,ing,1707,nag,1391,ni_,1445,g_t,1485,_an,1336,amb,1501,n_a,1899,han,2187,yan,2153,n_k,1359,ana,1490
con,986,pag,1794,_on,1061,lin,1753,sus,1437,gin,1674,nak,1384,lan,1444,_ta,1462,_ne,1317,ai_,1483,ra_,1883,_am,2084,nyo,2149,in_,1341,ako,1489
"a,_",979,sin,1782,hey,1056,ako,1653,n_a,1435,nag,1660,ina,1382,usa,1428,_Je,1459,ng_,1317,wa_,1483,ay_,1876,Īsa,2059,ya_,2146,us_,1324,pag,1485
re_,974,y_n,1740,on_,1049,a_t,1646,Jes,1372,",_n",1652,a_m,1380,_Je,1418,nga,1431,a_t,1305,e_k,1464,_an,1833,_Īs,2058,_to,2141,at_,1297,n_a,1478
ron,969,man,1736,tha,1045,aka,1609,esu,1369,_ak,1494,i_p,1376,siy,1416,_ku,1431,ak_,1287,mag,1460,o_s,1827,aun,2024,yo_,2110,day,1293,_di,1424
_al,950,asa,1734,_fo,1041,ags,1595,_as,1363,sus,1466,no_,1357,ini,1413,sus,1408,n_s,1281,nen,1441,a_k,1814,sa_,2006,si_,2034,_in,1276,amo,1401
ijo,939,a_i,1704,for,1018,_ba,1575,dan,1349,hiy,1442,n_a,1348,han,1412,_ke,1393,a_a,1268,",_""",1433,ira,1794,aga,2002,_pa,2021,ng_,1251,i_s,1376
a_l,935,g_i,1687,s_a,1018,pag,1560,o_n,1335,to_,1439,a._,1328,a_i,1391,yan,1382,ira,1265,nde,1431,man,1719,_la,1983,a_o,2020,iya,1226,apa,1375
e_a,918,aki,1681,es_,1016,kon,1529,o_s,1321,kon,1434,ak_,1320,g_k,1372,ata,1381,n_m,1233,sa_,1423,ina,1701,iba,1972,_Ma,2019,en_,1212,n_i,1359
an_,910,._A,1655,"d,_",1013,amo,1517,abi,1306,tan,1432,apa,1318,g_s,1359,esu,1379,aga,1232,e_a,1417,s_k,1669,a._,1955,aka,2003,ida,1212,_in,1331
e_s,901,a'y,1622,me_,1012,mag,1516,ay_,1298,amo,1431,yo_,1311,sus,1355,Jes,1376,ag_,1225,kaa,1396,o_p,1622,a_t,1922,ira,1947,kay,1207,yo_,1331
"os,",900,yan,1610,hen,1008,_ak,1510,o_a,1266,"a,_",1426,ayo,1296,o_n,1350,"a,_",1374,_ag,1218,pai,1395,kap,1608,au_,1917,_ny,1939,ayu,1178,i_n,1330
n_e,889,siy,1584,_wa,998,man,1503,ini,1230,_Je,1416,i_k,1275,Jes,1349,ama,1349,ey_,1217,ini,1384,io_,1606,ata,1857,i_Y,1935,nay,1171,os_,1320
sta,889,ags,1516,"m,_",994,od_,1495,ko_,1220,g_h,1413,o_a,1264,esu,1347,abi,1347,a_s,1209,aam,1378,kan,1595,nil,1835,n_a,1919,_pa,1170,o_k,1309
s._,869,nil,1516,aid,992,sia,1476,siy,1212,na_,1370,kay,1237,g_n,1346,ara,1323,kay,1203,ahi,1361,_ko,1583,awa,1808,kan,1906,_ad,1169,to_,1303
por,869,ama,1502,ave,989,ata,1470,",_""",1193,Jes,1344,dak,1224,i_J,1339,g_s,1302,"a,_",1201,aa_,1359,nga,1575,yu_,1778,a._,1824,diy,1163,aba,1303
tro,869,_ba,1498,ot_,962,_Je,1454,g_n,1192,esu,1344,i_m,1217,_di,1326,us_,1285,_di,1200,nan,1345,mo_,1573,ku_,1757,ake,1770,mun,1150,siy,1296
te_,857,"o,_",1482,wil,955,a_g,1427,i_n,1182,hi_,1318,ala,1201,dto,1306,asa,1277,eng,1194,nne,1334,o_t,1570,ara,1751,_Ye,1762,a_y,1146,niy,1292
a_d,850,aka,1469,e_o,945,"a,_",1410,amo,1175,ini,1292,n_n,1198,niy,1300,ina,1274,n_i,1181,e_d,1332,i_J,1521,n_p,1750,nir,1738,a._,1145,li_,1289
se_,846,ali,1428,sai,933,ili,1410,a_p,1173,dto,1289,asa,1187,nag,1285,aya,1234,aba,1172,a_s,1327,ni_,1464,aya,1740,_ya,1718,adi,1128,_ak,1280
and,841,ana,1420,hem,926,a_b,1392,da_,1167,_ta,1285,kua,1152,n_k,1284,eng,1230,ali,1165,ala,1320,s_a,1429,aba,1725,_jy,1704,pu_,1114,sab,1262
o:_,838,a_m,1411,one,923,yo_,1390,ndo,1162,iyo,1265,ann,1151,to_,1262,ita,1224,uan,1152,n_m,1316,_Je,1376,n_i,1714,pan,1700,_yu,1105,_Je,1259
res,801,g_a,1404,d_h,918,Jes,1378,si_,1158,_gi,1253,ta_,1147,nak,1254,a._,1209,a_n,1144,uha,1301,nak,1359,_ku,1710,jya,1691,"y_""",1101,o_a,1259
s_l,792,"n,_",1397,_we,911,esu,1375,sak,1158,i_J,1243,n_t,1128,a_u,1253,g_d,1204,",_""",1131,_ga,1301,_ay,1333,yan,1708,Yes,1652,dah,1096,sus,1255
_vi,790,t_,1391,_a_,896,sus,1372,g_m,1144,od_,1213,i_n,1103,aka,1248,_sa,1176,may,1126,ata,1253,o_o,1333,mag,1681,o._,1648,gun,1086,ala,1249
o_a,786,gka,1382,s_t,886,i_J,1348,gad,1133,_ba,1208,aya,1091,ayo,1235,inu,1174,nga,1104,_Pa,1243,ato,1327,ta_,1660,eso,1646,Apu,1075,n_p,1223
s_p,781,agk,1368,id_,875,tan,1301,ot_,1131,ala,1199,inu,1062,man,1229,a_a,1167,ina,1095,_la,1232,n_s,1327,_ib,1659,ra_,1634,ak_,1070,",_""",1215
dij,776,in_,1307,who,874,bal,1300,asa,1122,kam,1192,i_t,1044,yan,1217,_mu,1156,yan,1089,ani,1227,awo,1305,a_d,1638,sir,1602,gan,1061,i_J,1206
or_,767,ayo,1303,se_,858,g_a,1284,tan,1113,i_n,1179,a_d,1037,gon,1213,a_m,1143,_yo,1088,_bi,1208,Jes,1298,ani,1634,to_,1598,_Di,1013,Jes,1204
dos,766,a't,1291,_is,853,",_""",1262,kam,1107,_di,1178,ami,1037,g_a,1211,nak,1143,_ir,1080,tan,1199,esu,1295,i_Ī,1611,ma_,1586,ulu,1009,esu,1202
nto,752,nyo,1288,e_h,839,ana,1261,mag,1104,rin,1171,_ad,1032,",_""",1186,a_l,1138,ayo,1078,a_m,1192,ano,1290,n_t,1580,ji_,1556,_Ap,985,ko_,1183
era,750,ari,1285,The,831,aba,1260,a_d,1101,_in,1168,_ba,1020,_ba,1177,n_k,1137,o._,1074,_Ma,1190,sus,1289,wa_,1555,aci,1551,pan,975,asa,1178
s_c,747,la_,1283,thi,825,nyo,1257,g_s,1094,",_""",1149,to_,993,ata,1157,g_J,1118,ngg,1052,man,1179,taw,1265,g_n,1507,ong,1511,n_y,972,ta_,1172
_to,742,g_p,1280,"s,_",821,ia_,1250,niy,1071,kan,1144,di_,990,g_i,1146,apa,1110,in_,1051,",_p",1165,ari,1255,tan,1497,mey,1482,lan,971,ayo,1157
_mu,740,iny,1268,".""_",817,ina,1245,"o,_",1066,ags,1128,aba,982,na_,1134,ku_,1104,pan,1046,e_p,1157,ahe,1249,ud_,1458,_ko,1481,a_m,971,nak,1141
;_y,737,aha,1264,ne_,815,agp,1237,han,1057,ina,1121,o_t,977,kam,1128,pan,1102,a_m,1043,aan,1143,a_p,1224,asa,1452,ano,1475,".""_",970,aya,1131
_un,736,o_a,1263,_Je,805,ini,1235,"a,_",1053,niy,1101,o_k,973,g_g,1123,ban,1094,ale,1022,_ku,1143,",_""",1198,n_b,1448,o_d,1459,n_i,966,in_,1124
cie,730,g_n,1255,_Th,805,gpa,1234,ta_,1046,a_b,1101,awa,971,ko_,1122,da_,1057,ata,1015,_pi,1142,a._,1169,pag,1437,ata,1444,a_a,965,lan,1121
"e,_",727,hin,1227,"e,_",797,taw,1217,aro,1022,man,1090,nun,958,o_k,1121,ali,1052,n_J,1013,i_s,1137,"a,_",1161,_Na,1407,ala,1412,te_,958,a_t,1113
s_s,720,uma,1219,_I_,789,ali,1196,ad_,1020,_ti,1088,ara,954,ka_,1106,_al,1040,inm,1013,aku,1131,ri_,1159,sab,1375,Man,1411,uwa,952,ama,1111
al_,717,awa,1218,d_a,785,iny,1191,a_t,1013,sir,1088,us_,943,mo_,1096,g_i,1023,kua,1009,nak,1131,nan,1157,tu_,1366,aha,1402,han,947,mag,1100
dic,714,pan,1216,f_t,778,",_k",1189,ags,981,awo,1071,day,930,si_,1085,bat,1011,od_,1009,ari,1111,ake,1146,nan,1357,mo_,1386,ios,937,nga,1097
bre,713,mag,1213,_co,777,awo,1160,ata,980,inm,1071,i_s,924,amo,1076,tun,1000,aya,1005,am_,1102,par,1118,n_d,1349,"am,",1384,Dio,935,abi,1095
e_h,710,_ak,1203,e_c,774,apa,1153,aiy,975,nan,1063,toy,917,us_,1075,aki,992,_ba,992,".""_",1089,a_t,1085,aw_,1348,n_d,1374,dak,929,ali,1077
par,707,yon,1194,_do,759,ka_,1127,aha,974,hir,1063,em_,917,taw,1061,g_l,986,n_d,973,kan,1084,awa,1076,_di,1338,wan,1371,wan,926,dto,1065
_si,706,",_n",1169,_it,754,o_a,1115,_Na,966,"n,_",1055,i_d,903,a_b,1044,tin,979,bal,973,u_s,1071,kav,1075,uha,1323,"m,_",1369,uh_,926,iyo,1048
lo_,704,bi_,1163,ent,744,si_,1089,a_i,963,"o,_",1054,i_b,885,ili,1033,_ne,972,kat,970,agu,1071,in_,1064,"Na,",1309,o_j,1364,u_D,918,tan,1044
_Je,702,ito,1160,o_h,741,us_,1089,sab,963,taw,1051,_in,879,ag_,1024,_e_,964,",_t",953,ama,1066,vat,1053,",_""",1299,ko_,1355,hiy,913,han,1044
_sa,699,o_s,1157,th_,738,d_s,1051,ada,949,ko_,1042,san,872,_iy,1021,n_d,962,lan,947,_de,1055,._A,1042,u_m,1297,o_i,1331,iye,904,d_s,1042
del,698,i_n,1145,was,725,ko_,1050,ai_,946,a_p,1032,ama,870,nin,1014,ian,947,too,945,ana,1047,rin,1040,ab_,1276,n_s,1330,tat,897,aki,1017
_cu,697,ndi,1138,ter,712,isa,1046,ain,945,at_,1019,gan,863,awo,1010,bal,947,ato,938,i_m,1020,pan,1039,aku,1275,nan,1326,n_J,896,kay,1016
o._,690,_la,1135,an_,709,g_k,1031,mo_,930,aba,998,._N,858,_ak,989,ta_,940,ant,935,_da,1019,ko_,1005,a_p,1275,i_A,1323,_bo,885,a_g,1013
_él,689,san,1133,us_,707,kam,1017,ki_,929,adt,990,ata,855,_ki,982,mak,939,yo_,932,e_b,1013,_mo,985,kam,1267,gay,1316,e_h,883,kam,1004
_te,685,di_,1132,_ca,698,o_k,1007,lag,923,yo_,990,ita,853,a_g,969,eka,912,san,930,._P,1005,dia,985,u_k,1264,",_""",1298,ta_,880,ro_,1004
s_a,682,n_a,1128,_ma,698,i_n,1004,_in,919,d_h,975,kan,847,g_p,961,iba,909,at_,921,un_,1005,tan,975,ay_,1232,apa,1295,os_,880,ili,992
aba,674,_in,1120,_se,694,imo,983,_ba,918,mat,974,may,846,li_,957,alu,896,ta_,917,bi_,999,cha,965,_mu,1231,Ama,1277,ngi,877,a_d,961
_ve,672,on_,1118,our,692,ulo,972,aya,912,_Na,929,uan,845,ali,952,a_d,888,gga,907,de_,988,".""_",961,_Tu,1221,o_p,1268,_mi,867,si_,952
otr,669,t_a,1085,ho_,691,ta_,970,o_k,909,_ko,922,aki,841,kon,940,n_a,887,o_a,896,_Tu,985,_As,953,"u,_",1217,g_a,1267,ung,860,apo,937
n_l,667,nab,1083,it_,684,i_s,968,abo,899,aw_,906,apu,834,kin,939,_i_,862,us_,895,gge,973,ro_,948,_tu,1217,_me,1243,a_k,848,nan,934
ros,666,_ta,1068,ith,677,t_s,968,og_,892,t_h,883,aan,823,sil,938,aba,862,ari,890,tin,963,mak,948,"ya,",1215,pey,1204,_te,844,taw,932
a_s,664,n_s,1054,om_,670,kay,956,nan,891,nak,881,_di,815,imo,937,ani,856,y_m,884,n_p,949,os_,946,_du,1187,i_n,1189,ama,831,aha,915
y_l,663,isa,1046,esu,665,ama,950,apa,881,i_h,875,a_p,808,"a,_",933,_yu,845,asa,873,e_n,949,_ya,946,ayn,1180,._M,1174,did,809,_la,912
s_q,661,kin,1036,r_t,652,s_n,948,_Ka,872,_la,856,ayt,807,aha,924,nya,843,y_t,866,_pe,941,di_,938,ari,1178,nak,1173,e_d,805,ra_,911
_re,653,gay,1033,Jes,650,"o,_",947,ka_,843,_bu,837,_si,804,adt,920,ad_,838,a_r,862,ew_,937,aw_,936,nag,1178,o_o,1170,ipa,803,g_s,904
nte,644,aba,1026,sus,648,ayo,928,ana,828,mag,835,_ki,795,ita,919,it_,830,gan,857,ine,936,yan,925,day,1170,".""_",1150,_tu,798,ags,903
ara,635,_hi,999,are,640,_il,924,_ak,816,ri_,830,nto,794,gan,911,t_n,824,apa,847,ali,935,to_,922,Tuh,1156,o_s,1147,t_k,796,_ba,893
",_d",634,han,992,_me,639,pan,914,awo,813,us_,824,_id,791,ta_,899,anu,824,o_t,847,pan,935,avo,919,u_s,1152,g_s,1141,aba,786,ani,885
a_e,629,a_p,989,_di,636,lan,907,i_s,812,di_,822,dda,790,_us,895,ne_,818,_In,846,ind,932,pay,917,_bi,1148,ken,1140,apu,784,g_n,883
e_c,627,yo_,986,t_a,628,ndi,907,n_p,807,o_a,818,ng_,782,nyo,893,nen,817,_on,844,Tuh,922,aha,915,law,1134,a_j,1111,uma,771,".""_",878
_pr,623,g_t,980,ome,623,bat,897,"n,_",805,-an,816,tan,780,n_a,892,lin,817,sak,829,guw,914,va_,914,ali,1132,tan,1101,a_i,767,ita,871
e_t,622,aya,980,_al,621,di_,874,g_k,798,awa,815,tao,778,iny,891,tau,813,ake,828,_Sa,913,asa,913,a_l,1132,g_n,1091,i_k,753,a_b,869
Jes,621,gan,979,",_t",619,n_k,873,os_,797,n_t,811,o_i,775,yo_,885,sab,803,kar,816,sab,912,s_n,898,"n,_",1130,_an,1079,ila,750,a._,851
esú,618,kay,976,_re,609,aha,867,_ko,797,_ir,797,kin,767,g_t,882,u_n,792,_am,808,gai,901,As_,893,yn_,1125,yak,1073,kal,744,o_m,848
sús,618,gsi,971,t_h,609,"n,_",844,do_,794,ato,793,enk,766,o_a,878,i_n,781,_ni,800,i_k,890,ian,886,ala,1124,mac,1071,wad,739,"a,_",843
las,617,ara,964,wer,609,g_p,836,taw,777,n_b,793,"o,_",748,ahi,867,t_k,777,nto,790,asa,886,us_,886,_ya,1114,ipa,1038,itu,730,kon,835
les,617,ind,964,_so,605,nak,830,us_,757,imo,786,gem,741,ama,855,kek,772,ane,787,e_t,884,may,874,nak,1099,asa,1018,._H,722,ero,824
hab,610,ita,961,eve,605,o_m,827,dai,750,ot_,777,ung,740,n_u,848,ila,770,si_,783,mba,883,hen,872,ana,1096,kap,1013,od_,720,at_,817
_mi,607,tin,960,e_f,604,gsi,822,Nag,746,gad,772,na.,735,ung,847,aga,768,lay,771,pin,880,dir,861,a_b,1078,._A,1012,tud,713,mat,816
ía_,601,_da,959,out,604,wo_,814,aba,744,nma,771,lan,735,_mo,832,_Ka,752,sia,770,uwe,873,dan,848,_su,1066,ten,1004,pun,712,_Pa,797
a_m,598,nak,954,wit,602,ung,807,pag,734,aki,770,ari,732,aw_,818,ak_,750,"n,_",770,"a,_",870,gay,846,amb,1034,m_m,972,ini,711,ng_,797
o_l,595,ung,950,ear,601,to_,806,ban,732,a._,760,o_n,730,asa,809,mu_,742,nma,770,jar,867,wo_,841,bay,1034,ate,947,_wa,708,ung,797
to_,589,gin,945,all,594,g_t,806,n_d,730,",_k",755,",_""",726,sul,804,u._,741,y_k,753,_ni,858,kay,824,a_a,1031,ri_,925,un-,708,bat,790
ell,583,g_b,933,d_w,589,_ko,805,aw_,713,ali,748,oy_,723,n_m,802,_de,739,da_,741,n_b,857,i_a,818,n_a,1024,i_a,919,ong,703,par,780
rqu,582,o_n,932,ad_,589,ot_,792,s_n,711,ton,746,_Na,723,nil,801,uan,736,n_k,735,aya,856,map,804,amp,1018,a_r,918,nal,700,ini,772
is_,582,g_l,925,be_,588,aki,790,aki,705,san,743,o._,718,_ko,801,"u,_",730,_ak,729,n_k,853,n_k,799,al_,1012,cir,908,i_m,698,_ku,764
orq,579,_is,910,d_s,588,ind,786,nab,704,asa,736,._I,717,_la,799,sal,728,a_k,725,a_p,849,ant,786,u_n,1007,ina,893,ol_,696,atu,763
_ca,578,ya',901,ow_,586,ngo,781,lin,703,tin,735,mak,713,a_d,790,aku,716,"to,",725,en_,847,s_d,784,ama,1000,_mo,880,a_o,693,imo,761
_fu,564,uwa,896,com,579,nan,780,lan,699,s_h,730,_la,708,awa,783,san,708,a._,722,and,842,si_,782,gka,999,aza,879,a_d,692,us_,759
o_q,558,sab,877,ur_,578,n_a,779,a._,693,_da,728,n_k,705,uba,782,_an,706,ra_,718,Man,836,ka_,774,_Sa,997,ori,869,mu_,691,_Na,756
",_q",557,a_b,871,im_,574,ro_,778,agt,682,ndi,726,".""_",703,a._,774,u_i,706,iba,711,anj,834,o_v,769,mpa,994,n._,866,n_b,690,uha,747
fue,552,pin,864,_ar,574,_An,759,agk,680,y_n,724,",_n",702,_da,769,atu,704,la_,702,nja,825,nti,767,mbu,988,awa,861,_im,689,a_l,744
o_s,551,o'y,855,s_s,565,mak,750,i_k,676,uha,719,i_i,699,g_b,737,t_m,699,".""_",694,ri_,823,aro,758,n._,987,_or,854,a_h,687,kat,741
e_m,549,y_s,843,t_i,565,Ang,741,"s,_",670,agp,718,at_,695,yon,730,_Ma,697,_Di,685,_su,818,pa_,754,ula,981,y_n,850,tan,686,_Di,741
uer,549,y_m,841,ver,560,god,741,sar,669,n_d,718,_am,693,ot_,714,kit,690,nsa,683,ge_,815,awr,747,ayt,970,ita,843,-an,679,s_n,731
tra,548,sil,822,n_h,558,na_,732,",_a",668,ta_,713,bag,692,"n,_",713,met,690,y_s,681,ell,796,nay,743,",_a",958,kar,842,u_y,677,awo,728
ces,548,ini,806,ay_,552,at_,730,"an,",666,und,709,sin,687,nya,709,_it,688,n_y,680,_ak,794,wri,742,bab,956,ima,832,ala,676,_da,727
mbr,540,nin,806,nt_,551,may,730,uli,665,"an,",707,ao_,681,iha,708,_ri,679,isi,678,em_,792,chi,738,yta,942,mak,832,ha-,673,"o,_",727
a_c,538,tan,785,_wo,543,wal,724,ron,662,uma,696,kas,679,aro,704,lag,670,mpa,676,aba,789,_ar,735,ya.,939,gan,827,kon,672,ot_,725
_he,534,ni_,782,"im,",542,_Sa,722,o._,652,agt,695,"._""",677,ulo,701,pat,668,say,675,_mi,786,gan,725,uk_,934,_ci,815,ahi,670,n_g,722
ino,530,_it,773,hav,539,dto,721,_ki,650,a_s,690,n_d,674,itu,698,_In,666,_ko,674,isa,786,nat,725,kaw,934,Am_,813,_ki,667,as_,706
ro_,528,"an,",770,y_t,538,a._,718,".""_",648,ray,687,in_,671,ron,696,i_k,663,bat,671,_ti,785,ran,724,g_h,932,ika,811,a_t,665,dil,706
esp,526,oon,767,e_d,537,ero,717,li_,641,gsi,686,eng,669,wo_,695,al_,663,ung,668,_am,784,voy,717,lan,925,m_a,801,udu,647,sad,699
su_,526,ko_,763,e_b,535,ton,711,",_n",640,ada,679,nge,664,n._,692,etu,657,let,662,yaa,781,_mi,715,"an,",914,a_y,794,uy_,645,un_,698
man,520,ati,761,oth,533,ita,709,apo,638,aha,672,nku,662,mah,686,n_m,657,nku,661,ab_,778,wan,710,at_,911,ro_,792,aya,644,aw_,692
llo,518,n._,756,hea,532,aw_,705,od_,636,".""_",669,",_k",654,_bu,682,are,656,kas,660,inn,773,ken,707,uun,896,kat,791,a-o,643,agk,687
com,512,ngi,754,t_w,521,_is,698,ran,629,n._,664,gar,654,g_u,677,a_r,653,ing,659,ngk,770,y_n,689,kat,882,"""_M",782,i_t,640,kun,681
",_s",508,"i,_",754,_as,520,han,697,iha,628,t_n,661,"na,",636,o_u,676,ela,653,ran,658,lan,765,naw,689,dtu,878,ka_,775,aan,639,_Ka,679
tod,505,a._,726,ath,517,".""_",697,ili,621,apa,660,ngi,636,ag-,672,nun,650,y_d,656,e_i,759,m_n,681,aha,877,_Ta,770,nom,639,kit,679
",_l",503,_ku,720,ame,513,g_g,687,a_b,621,it_,660,yto,633,aki,666,n_y,649,abi,647,as_,756,han,679,u._,875,nim,769,tak,638,t_s,677
ntr,502,ako,675,e_i,511,_Na,679,_ha,620,ahi,659,ags,633,ban,663,uli,647,oto,645,apa,755,amo,670,tuu,875,a_p,768,mak,635,agp,674
cua,499,i_J,672,t_o,509,_la,672,as_,610,pak,657,adi,633,".""_",663,e_k,645,aan,641,pī_,755,mna,662,_mi,873,map,766,ngu,632,ano,672
ant,495,nas,672,st_,508,_wa,666,an.,608,_sa,657,sa_,625,ina,661,n._,644,ila,639,al_,753,_vi,655,._N,869,han,765,_ni,631,adi,670
",_p",493,ka',669,_fr,505,id_,661,mon,605,gpa,654,_Di,623,i_s,661,iti,644,kan,638,i_p,749,ti_,654,gaw,858,_va,763,hod,631,iha,670
_ho,493,i_s,669,s_w,503,g_b,654,pin,601,Nag,653,nda,622,o._,656,_si,640,o_n,634,_ha,748,ios,648,ubu,846,lam,757,_um,629,_ko,669
_ci,492,sus,667,ple,503,ban,651,bi_,598,n_g,651,a_s,619,inu,656,pam,626,to.,630,pag,744,ng_,648,In_,842,rar,750,aku,628,ulo,668
lla,491,bag,666,man,493,ong,640,n._,596,ama,650,n_i,618,uha,655,e_n,623,_pi,629,e._,743,n_m,648,di_,836,aw_,744,idi,614,s_s,664
n_a,491,gag,650,_bu,483,gid,639,uma,588,Gin,646,nia,617,_ti,654,_ng,621,ine,625,niy,742,ini,647,".""_",834,o_r,739,_ba,611,no_,663
_so,490,_Je,649,red,477,yon,636,kai,585,ka_,645,uma,616,nah,649,",_a",620,key,623,ey_,740,_Di,646,sil,833,ak_,737,ok_,610,awa,658
_pe,490,apu,638,_te,477,mat,635,_al,581,abo,642,y_a,616,agp,646,._I,618,_mo,617,i_i,738,ma_,643,gan,831,y_a,734,tuw,596,gka,658
ido,484,aan,636,n_a,472,n._,634,gsa,581,._N,642,ani,604,gpa,645,kal,618,gaw,610,ann,737,Dio,640,i_n,829,nao,730,",_m",595,di_,656
s_h,483,kun,633,le_,472,ahi,631,n_i,578,ita,628,ant,596,dil,641,._N,614,_im,609,_pī,733,ey_,629,awn,825,._T,725,n_A,593,n_t,655
_vo,483,tap,630,n_o,459,niy,622,_ga,575,s_n,627,wan,591,mag,636,ka_,611,nak,607,du_,732,ako,622,ina,825,pa_,721,_Ha,592,mak,654
a._,479,ami,626,d_b,458,_tu,618,t_n,574,mak,627,pay,589,og_,633,_Di,611,d_k,607,_ke,730,o_i,620,wn_,823,nya,720,u_t,578,n._,652
e_p,479,ibi,616,s_o,457,os_,616,bih,567,wo_,623,ays,588,wal,630,n_i,608,lin,603,a_k,727,_va,617,ra_,821,iny,710,imm,578,may,652
e_v,476,lin,613,ive,456,agk,615,ama,566,o_k,620,bal,587,nii,629,kap,600,ami,600,ung,726,kad,613,lau,821,_ar,707,yan,575,ag-,650
a_q,475,ula,612,_pr,455,_im,615,un_,565,"s,_",619,t_n,577,_Di,627,_nu,600,y_p,596,a_d,723,ino,611,u_h,817,amo,703,yun,575,nam,648
des,473,ta_,611,",_s",452,kit,612,ato,564,ngo,619,idi,570,_ga,626,._M,594,ton,594,_te,716,kar,611,g_s,816,a_i,700,bal,571,pos,643
ere,470,lal,608,_de,450,a_l,609,g_a,562,inu,619,gba,570,mak,623,g_n,593,tot,594,egg,712,n_o,607,an.,813,an.,696,i_p,562,ad_,643
_me,466,ino,604,g_t,447,ari,605,ura,561,sa_,617,ysa,568,ipa,620,li_,592,ita,588,at_,710,din,604,_ki,813,i_o,695,_ah,562,_ga,640
nta,463,aon,596,e_m,446,ati,601,gka,559,nah,613,asi,567,d_s,617,utu,583,no_,586,._S,697,o_D,601,ak_,812,._S,691,hid,560,i_k,639
jo:,458,wa',593,And,443,atu,601,_di,559,_tu,612,aw_,545,uta,616,ti_,581,"s,_",582,ga_,695,ori,599,uud,809,eyn,688,ntu,559,gpa,638
a_t,455,_ko,593,_An,441,abo,598,n_t,556,ngl,612,ali,544,-an,611,nu_,581,ulo,579,a_n,691,kat,598,hin,809,nge,686,mat,559,_ha,626
a_p,454,a_t,590,had,439,ag-,597,n_b,550,ung,611,min,534,ika,610,s_k,578,ngi,576,uma,680,ngo,594,apa,803,ya.,677,s_a,556,o._,618
sto,451,ili,588,rom,438,Nag,597,s_s,549,gka,610,att,531,an.,606,in_,575,bag,575,mbu,679,_ak,591,_pi,802,anc,677,lug,556,gan,617
s;_,451,upa,587,._T,437,uta,593,_ku,549,kay,608,tat,530,kay,604,e_i,569,nya,574,ate,676,nia,590,aan,795,ama,669,_pu,554,adt,614
_pu,451,"ya,",587,s_h,436,lo_,591,i_t,539,ag_,606,i_A,527,mon,602,sin,558,toy,570,bin,674,a_y,589,abu,794,ngo,664,nil,553,god,611
os.,449,si_,584,d_i,432,_bu,588,_mo,538,kit,606,dia,523,g_d,601,_Ng,557,sal,569,k_m,672,y_d,584,yaw,790,m_n,655,n_p,551,gay,609
"n,_",449,pat,583,"n,_",430,nah,586,._A,535,hat,605,add,523,tin,600,kat,554,kin,569,anu,671,ach,584,n_T,788,akm,655,ngn,551,pa_,607
omb,447,_bu,579,ord,429,n_m,586,_la,532,asi,602,tay,523,gay,594,kas,550,a_p,561,sin,670,adi,581,_Ma,784,ono,653,hin,551,ton,601
nos,439,Jes,571,_go,426,gan,575,ag-,531,a_d,600,nap,518,aba,583,lak,542,y_i,549,lai,669,nge,579,ing,782,._O,651,_ti,549,d_n,595
oso,437,"s,_",571,ers,422,nin,567,san,524,_su,596,on_,516,a_l,582,pa_,539,aki,547,san,669,ong,576,awm,782,sya,647,-on,546,._P,584
ién,435,a_l,571,hin,421,gka,566,iri,523,os_,595,i_D,514,_wa,576,mun,538,lab,547,ale,655,yen,572,uuk,774,noy,633,lin,545,pak,581
aqu,434,esu,568,"r,_",417,Gin,563,ano,522,dir,593,tta,514,abo,575,i_J,536,o_r,544,._M,648,_pi,564,da_,774,rah,632,_Ka,544,n_d,572
._E,434,_pi,566,m_t,416,s_s,561,ari,520,a_l,585,_me,511,._A,568,_tu,529,_ki,542,ak_,646,y_a,563,_wa,772,_ip,620,ako,543,gsa,553
_ti,432,sal,565,fro,416,_Ka,559,agd,520,may,580,kit,509,mii,565,u_a,529,",_a",536,i_d,643,api,562,",_i",770,ci_,620,d_d,541,Gin,552
mo_,427,t_i,561,but,414,y_n,557,hul,519,ian,580,s._,501,apa,565,a_p,527,_Ka,535,miy,639,ama,560,._S,768,_O_,619,u._,541,y_n,549
a_a,427,hat,560,e_p,413,ani,555,ani,518,usa,577,met,500,agk,564,Nga,527,sin,531,"ne,",638,kam,557,bun,763,ota,618,h_d,539,kad,549
ios,425,_mo,557,ven,411,._S,552,yo_,512,ika,574,ram,494,hat,559,"n,_",524,t_s,529,a_i,635,apo,546,_Pa,761,cya,617,_pi,537,_su,544
él_,424,puw,550,"em,",410,o._,552,kak,509,buh,571,ida,494,agh,554,ran,520,"an,",528,ant,632,m_m,546,unu,761,oyo,615,dam,530,_am,542
us_,421,tao,548,_ou,410,gap,551,ag_,507,_im,570,s_k,491,._U,554,rel,516,min,524,n_a,631,ani,542,uwa,755,ahe,612,pul,525,_Sa,541
rá_,420,it_,543,y_w,410,pa_,549,nas,499,_Gi,566,_im,489,kit,553,mag,515,a_l,523,dem,629,kak,542,ita,752,aya,612,-ap,522,asu,541
str,420,isi,540,ght,408,tag,547,ibo,499,agk,558,t_i,482,lay,552,ri_,513,._I,521,pat,627,iak,540,ngk,745,_ik,607,mma,521,war,540
_aq,419,_ga,539,les,408,in_,546,t_s,497,la_,555,o_d,481,_in,550,a_y,513,t_n,514,k_p,623,oya,538,",_s",742,in_,604,nat,519,wo_,538
ser,418,t_m,535,est,405,_am,544,kon,497,aya,550,pag,481,_An,550,awa,511,mba,514,ara,616,ayt,536,uli,739,aro,603,na.,511,pat,538
_os,417,t_k,534,"t,_",404,a_d,544,o_m,493,bat,550,lin,478,ari,549,._K,510,g_t,513,te_,612,ono,536,kiy,727,ey_,598,utt,505,i_a,536
ues,415,to_,534,_li,404,ada,543,kat,491,g_n,547,mat,477,o_m,549,bia,508,n_p,511,kit,609,sir,533,isa,726,na.,598,uwe,503,o_p,536
y_d,413,kas,532,ld_,404,y_s,536,bag,491,n-a,545,iak,474,ton,534,api,502,a_i,510,mak,603,ot_,532,pan,722,vaz,595,ing,503,"s,_",534
e_n,411,tay,530,em_,396,int,535,isi,490,_ig,540,ios,474,bot,528,an.,501,_li,509,ite,599,wa_,531,agb,719,yon,593,i_n,501,sur,532
ici,410,wal,527,rea,394,n-a,528,par,490,war,538,Dio,470,agt,527,"s,_",498,met,508,us_,590,es_,530,ug_,714,san,592,gng,501,ios,531
adr,409,kit,526,_st,394,_Si,527,hay,488,y_h,537,ika,466,gka,522,g_e,494,._N,507,kew,587,ota,530,mat,714,wak,591,ibo,500,ato,521
dre,407,;_a,525,ose,390,anu,525,tin,483,an.,534,dal,466,nsa,522,as_,492,o_s,507,ami,578,pak,527,atu,713,oma,589,_ku,500,an.,516
onc,407,"bi,",518,",_b",389,_Di,525,nap,481,o._,532,_no,464,n-a,519,ula,489,asi,502,_na,578,vah,521,agp,701,mya,589,y_k,499,nin,515
nce,407,g_d,517,whe,385,gsa,525,_pi,481,_ki,532,dan,464,ha_,517,g_D,485,ga_,500,_pu,577,asi,520,biy,700,gen,589,ona,493,"n,_",507
s_m,406,_lu,516,ate,383,adt,522,ram,480,ran,531,i_l,462,_su,517,t_i,484,n._,499,_ng,575,i_n,516,_is,695,ao.,589,bon,492,yod,503
jo_,405,_An,514,do_,382,awa,515,agh,477,lan,520,o_m,462,Ang,516,lal,482,y_n,498,gka,574,kas,511,adt,691,m_o,587,et_,492,ada,500
o_p,405,sis,510,e_y,382,uto,514,may,475,no_,518,t_k,459,"o,_",514,ra_,482,Dio,497,kal,572,sin,509,uku,689,yam,586,ad_,490,ila,500
dad,404,lag,509,e_l,381,asa,514,n_g,475,agb,516,a_b,456,bal,514,nit,481,ios,497,"an,",569,_to,509,buu,682,kma,583,mal,490,ins,498
"es,",402,agp,507,",_w",375,pat,512,_Da,473,gli,514,int,456,i_k,512,yun,477,nge,497,kat,566,pin,507,kal,681,cit,583,oy_,490,ka_,498
",_e",401,as_,505,ly_,374,dal,508,ulo,473,_ku,513,"_""A",454,_Sa,511,t_d,475,o_m,495,n_i,565,o._,507,u_d,676,Ta_,581,gge,488,kas,487
_ll,400,mat,505,_si,373,kat,505,hil,472,ag-,512,t_t,453,tub,509,nab,475,g_n,491,_is,564,od_,507,wm_,672,eng,580,aga,487,Dio,486
aro,400,ipa,504,kin,370,-an,499,kun,471,"""_N",506,imm,453,as_,508,bi_,474,iad,485,aki,562,vin,505,mak,668,zay,577,dat,486,n_b,484
da_,399,ngg,503,._A,369,i_k,498,s_a,470,da_,504,gpa,452,ult,507,nam,472,d_a,482,"ye,",560,raw,504,ham,659,y_d,573,abu,485,uga,483
ste,397,_Sa,502,use,366,ios,498,ahi,470,o_m,498,gsa,452,os_,504,s._,466,mak,481,yan,556,_Am,501,_In,658,kak,566,pat,484,uan,481
o;_,392,_ib,502,d_o,365,agh,496,ali,469,kak,496,agt,451,san,500,ati,458,_bi,481,u_i,554,non,499,",_l",653,_So,564,-in,483,bi_,481
y_e,391,mak,500,r_a,364,agt,495,g_i,465,ugo,493,agb,445,sab,498,ios,456,apo,480,aga,550,"ia,",496,_ak,651,nip,549,u_n,480,hal,480
ta_,390,may,499,",_h",363,no_,493,._N,465,gat,491,aen,443,ios,494,ili,456,n_e,479,kas,549,_Ma,495,uma,648,jir,548,_am,475,pan,479
o_t,388,s_n,498,m_a,362,pam,492,i_a,464,_bi,490,da.,441,Dio,492,Dio,454,wan,475,kah,548,_om,493,uga,646,sa_,545,id_,471,uru,478
ará,388,o._,496,say,361,Dio,491,nak,464,lin,485,ten,438,_Un,492,_ti,449,lap,474,den,547,dim,488,li_,639,No_,538,din,471,t_n,477
a_v,387,aw_,495,wor,361,gas,487,pan,460,as_,485,ipa,437,ato,490,iwa,445,apu,473,nun,547,ich,487,ini,638,jin,537,ale,471,usa,473
cho,385,nam,491,od_,359,asi,482,"us,",460,yan,484,iay,436,i_n,486,_pi,443,i_J,472,ut_,547,oh_,481,tay,636,nci,530,aly,468,ati,472
sot,385,kap,490,_ho,358,_su,480,An_,459,kat,484,ing,433,_un,485,ap_,443,_Ma,472,lum,544,isi,477,miy,636,o_c,528,g_n,467,yan,472
o_c,384,big,489,_lo,358,"g,_",477,_gi,458,a_g,481,gap,431,_Si,484,ipa,442,",_i",467,en.,541,a_i,474,ngu,634,So_,524,gu_,467,Kay,471
_ta,384,gsa,486,"er,",355,as_,476,._K,457,tun,481,ag_,430,buh,484,._A,440,ian,465,mon,541,tah,471,ima,634,o_y,522,gul,464,ari,470
l_c,381,t_p,483,_So,354,",_n",476,_Di,446,lit,477,mba,426,Uny,481,lat,438,ngn,463,",_s",540,",_t",470,kab,631,kwa,522,t_m,457,nab,467
ond,380,ano,482,_Wh,354,_bi,472,inu,444,pan,476,._K,425,tag,478,mal,438,_no,462,_bu,540,mia,468,mar,628,_sy,521,ey_,454,sug,465
un_,379,_iy,471,_sh,353,sug,467,_hu,443,._K,476,y_t,422,lo_,477,_bi,435,ud_,460,lew,539,t_d,463,as_,628,yng,508,ih_,454,Nag,465
ton,379,_ti,470,rd_,352,"""_S",464,ayo,443,yos,476,ka_,419,mat,469,s_a,432,t_a,460,g_s,539,"o,_",460,",_m",627,ane,506,y_a,451,agt,465
ten,378,y_i,470,e._,350,d_k,462,"i,_",437,Dyo,472,as_,414,lti,469,_ul,432,and,459,a_b,539,abo,457,sal,625,kam,506,hay,451,agh,463
uan,376,kat,469,s_i,350,_di,462,iba,437,ulo,472,mma,414,git,459,mat,430,._A,454,Sag,538,oma,457,mun,622,cin,505,tut,449,s_k,458
_Ma,373,iyo,466,_He,349,asu,461,bot,436,_Dy,469,n._,412,kad,457,ale,427,gne,454,tu_,534,i_d,457,san,620,ape,505,d-a,449,._K,457
éis,373,ban,465,_fi,349,kal,459,_Ma,435,kin,468,_an,411,ula,456,_lu,426,_wa,450,"n.""",533,mar,455,n_l,619,ako,503,yen,444,ago,452
ert,372,agi,458,e_g,347,_Ma,457,dum,432,ad_,462,ili,410,gad,450,"an,",422,wal,449,agt,530,m_a,455,agu,615,_pe,490,ani,444,tap,448
ran,371,_al,455,dis,347,"la,",455,sip,430,n_s,461,mai,410,_tu,450,_pe,422,pud,442,ka_,524,ak_,454,u_a,605,i_m,489,Kan,444,iri,442
ndi,370,_tu,454,igh,345,ano,454,gin,428,kab,460,aku,410,_ar,443,"na,",414,a_y,441,kka,518,w_a,449,ndu,600,o_v,487,ug_,444,g_m,436
ió_,369,rit,450,_br,344,_Gi,451,ios,427,ins,455,"n,_",409,._S,442,k_n,411,er_,441,k_s,507,ovo,442,ahi,597,ava,483,nak,444,ak_,432
tar,369,gal,450,r_h,342,sul,451,a_l,425,uga,447,s_i,409,Ug_,442,a_t,410,k_n,438,tey,503,pia,442,kit,591,to.,473,s_y,443,_Gi,431
hom,366,mal,449,_my,342,"an,",450,agp,425,i_a,446,uad,408,gha,441,",_i",406,ban,436,ehi,500,oyo,441,u_p,588,g_d,472,nda,440,idt,431